TF,LogFC,LogDHT,LogFC_mut
CENPB,+,+,+
FOXA1,+,+,+
FOXM1,+,+,+
SPDEF,+,+,+
ZNF740,+,+,+
AR,+,-,+
ARID1A,+,-,+
NFIA,+,-,+
ATF7,+,ns,+
HOXB13,+,ns,+
NFIC,+,ns,+
ZBTB16,+,ns,+
ATF4,-,+,+
BACH1,-,+,+
E4F1,-,+,+
IRF2,-,+,+
NFE2L1,-,+,+
NFE2L2,-,+,+
SOX4,-,+,+
ZBTB11,-,+,+
ZFP91,-,+,+
ZFX,-,+,+
GATA2,-,-,+
RREB1,-,-,+
STAT5B,-,-,+
GMEB1,-,ns,+
JUN,-,ns,+
ZNF266,-,ns,+
ZNF302,-,ns,+
ATF3,ns,+,+
CREB3L4,ns,+,+
FOXN3,ns,+,+
GMEB2,ns,+,+
GRHL2,ns,+,+
LRRFIP1,ns,+,+
MEF2A,ns,+,+
RBAK,ns,+,+
STAT1,ns,+,+
TFEB,ns,+,+
ZNF213,ns,+,+
ZNF282,ns,+,+
ZNF431,ns,+,+
ZNF664,ns,+,+
HMGA1,ns,-,+
NFIX,ns,-,+
PKNOX1,ns,-,+
TFE3,ns,-,+
ZNF75A,ns,-,+
FOXJ2,ns,ns,+
JDP2,ns,ns,+
MEF2D,ns,ns,+
NFIB,ns,ns,+
NFKB1,ns,ns,+
NR2F2,ns,ns,+
ZBTB37,ns,ns,+
ZBTB42,ns,ns,+
ZNF410,ns,ns,+
ZNF567,ns,ns,+
ZNF680,ns,ns,+
ZNF85,ns,ns,+
ZNF875,ns,ns,+
NFATC3,+,+,-
DDIT3,+,-,-
RARG,+,-,-
ZNF274,+,-,-
FOXK2,+,ns,-
ZNF467,+,ns,-
ZNF264,-,-,-
ZNF7,-,-,-
MNX1,-,ns,-
PKNOX2,-,ns,-
ELF2,ns,+,-
ETV3,ns,+,-
MXI1,ns,+,-
NR2F6,ns,+,-
ZBTB7A,ns,+,-
ZFP64,ns,+,-
ZNF766,ns,+,-
BCL6,ns,-,-
FOXK1,ns,-,-
MAX,ns,-,-
OVOL2,ns,-,-
TBX1,ns,-,-
TBX3,ns,-,-
ZNF362,ns,-,-
BHLHA15,ns,ns,-
HSF2,ns,ns,-
MGA,ns,ns,-
NFYA,ns,ns,-
NFYC,ns,ns,-
NR2C1,ns,ns,-
SMAD5,ns,ns,-
USF2,ns,ns,-
ZNF3,ns,ns,-
ZNF524,ns,ns,-
ZNF605,ns,ns,-
ZSCAN16,ns,ns,-
FOXO3,+,+,ns
TGIF1,+,+,ns
ZBED4,+,+,ns
ZNF343,+,+,ns
CREM,+,-,ns
CTCF,+,-,ns
ESRRA,+,-,ns
MESP1,+,-,ns
NR4A1,+,-,ns
PRDM4,+,-,ns
ZNF506,+,-,ns
ZNF614,+,-,ns
ZNF791,+,-,ns
ELF3,+,ns,ns
FOXP1,+,ns,ns
FOXP4,+,ns,ns
HIF1A,+,ns,ns
KLF11,+,ns,ns
PPARD,+,ns,ns
REST,+,ns,ns
SMAD2,+,ns,ns
SOX13,+,ns,ns
SP1,+,ns,ns
TBP,+,ns,ns
TFAP4,+,ns,ns
THRB,+,ns,ns
USF1,+,ns,ns
ZFP41,+,ns,ns
ZNF263,+,ns,ns
ZNF276,+,ns,ns
ZNF32,+,ns,ns
ZNF429,+,ns,ns
ZNF585A,+,ns,ns
ZNF707,+,ns,ns
CEBPB,-,+,ns
CEBPG,-,+,ns
FOSL2,-,+,ns
IRF7,-,+,ns
JUND,-,+,ns
KLF16,-,+,ns
KLF4,-,+,ns
NFAT5,-,+,ns
NR1H2,-,+,ns
NRF1,-,+,ns
SMAD4,-,+,ns
STAT2,-,+,ns
TAF1,-,+,ns
TCF12,-,+,ns
TEF,-,+,ns
THAP1,-,+,ns
TP53,-,+,ns
YY1,-,+,ns
ZBTB45,-,+,ns
ZFP90,-,+,ns
ZNF143,-,+,ns
ZNF610,-,+,ns
ZNF793,-,+,ns
CLOCK,-,-,ns
DBP,-,-,ns
E2F6,-,-,ns
MNT,-,-,ns
MXD4,-,-,ns
NKX3-1,-,-,ns
VEZF1,-,-,ns
ZNF558,-,-,ns
ZNF623,-,-,ns
ZNF768,-,-,ns
ZNF787,-,-,ns
ELK1,-,ns,ns
ELK4,-,ns,ns
HMBOX1,-,ns,ns
IRF6,-,ns,ns
KLF15,-,ns,ns
MZF1,-,ns,ns
SP2,-,ns,ns
SREBF1,-,ns,ns
SRF,-,ns,ns
ZNF584,-,ns,ns
ATF1,ns,+,ns
ATF2,ns,+,ns
CREB1,ns,+,ns
ERF,ns,+,ns
HINFP,ns,+,ns
IRF3,ns,+,ns
KMT2A,ns,+,ns
MAFG,ns,+,ns
MYBL2,ns,+,ns
MYC,ns,+,ns
RELA,ns,+,ns
RFX5,ns,+,ns
RFX7,ns,+,ns
TFAP2C,ns,+,ns
THAP11,ns,+,ns
UBP1,ns,+,ns
XBP1,ns,+,ns
ZBTB33,ns,+,ns
ZBTB44,ns,+,ns
ZIK1,ns,+,ns
ZNF12,ns,+,ns
ZNF148,ns,+,ns
ZNF160,ns,+,ns
ZNF189,ns,+,ns
ZNF30,ns,+,ns
ZNF320,ns,+,ns
ZNF322,ns,+,ns
ZNF354A,ns,+,ns
ZNF417,ns,+,ns
ZNF418,ns,+,ns
ZNF528,ns,+,ns
ZNF548,ns,+,ns
ZNF561,ns,+,ns
ZNF613,ns,+,ns
ZNF621,ns,+,ns
ZNF682,ns,+,ns
ZNF692,ns,+,ns
ZNF765,ns,+,ns
ZNF778,ns,+,ns
ARNT,ns,-,ns
ELF1,ns,-,ns
ETV1,ns,-,ns
GABPA,ns,-,ns
HES6,ns,-,ns
HSF1,ns,-,ns
HSF4,ns,-,ns
JUNB,ns,-,ns
KLF13,ns,-,ns
KLF3,ns,-,ns
KLF9,ns,-,ns
MAZ,ns,-,ns
MSANTD3,ns,-,ns
PITX1,ns,-,ns
RBPJ,ns,-,ns
RXRA,ns,-,ns
SP3,ns,-,ns
TEAD3,ns,-,ns
TGIF2,ns,-,ns
THRA,ns,-,ns
YBX1,ns,-,ns
ZBTB43,ns,-,ns
ZBTB6,ns,-,ns
ZFP28,ns,-,ns
ZKSCAN1,ns,-,ns
ZNF133,ns,-,ns
ZNF140,ns,-,ns
ZNF146,ns,-,ns
ZNF211,ns,-,ns
ZNF24,ns,-,ns
ZNF331,ns,-,ns
ZNF337,ns,-,ns
ZNF382,ns,-,ns
ZNF384,ns,-,ns
ZNF441,ns,-,ns
ZNF562,ns,-,ns
ZNF586,ns,-,ns
ZNF74,ns,-,ns
ZNF776,ns,-,ns
